Drink,Brand,Pack Count,Alc%,Description,Type
Bud Light,Anheuser Busch InBev,12,4,12oz Bottles,Light
Bud Light,Anheuser Busch InBev,1,4,5L Keg,Light
Bud Light Lime,Anheuser Busch InBev,12,4,12oz Bottles,Light
Bud Light Platinum,Anheuser Busch InBev,12,4,12oz Bottles,Light
Budweiser,Anheuser Busch InBev,12,4,12oz Bottles,Lager
Hoegaarden,Anheuser Busch InBev,12,6,12oz Bottles,White/weiss
Land Shark Lager,Anheuser Busch InBev,12,5,12oz Cans,Lager
Michelob Ultra,Anheuser Busch InBev,6,5,12oz Bottles,Light
Natural Ice,Anheuser Busch InBev,12,5,12oz Cans,Light
Natural Ice,Anheuser Busch InBev,1,5,5L Keg,Light
Rolling Rock,Anheuser Busch InBev,6,5,12oz Bottles,Ale
Rolling Rock,Anheuser Busch InBev,12,5,12oz Bottles,Ale
Stella Artois,Anheuser Busch InBev,12,5,12oz Bottles,Pilsner
Stella Artois,Anheuser Busch InBev,24,5,12oz Bottles,Pilsner
Carlsberg,Carlsberg-Tetley Brewing,4,5,.5L Cans,Lager
Corona Extra,Grupo Modelo,24,6,12oz Bottles,Lager
Corona Extra,Grupo Modelo,12,6,12oz Bottles,Lager
Corona Light,Grupo Modelo,24,6,12oz Bottles,Lager
Corona Light,Grupo Modelo,12,6,12oz Bottles,Lager
Corona Light,Grupo Modelo,1,6,5L Keg,Lager
Modelo,Grupo Modelo,12,4,12oz Bottles,
Amstel Light,Heineken Usa Inc,12,5,12oz Bottles,Light
Amstel Light,Heineken Usa Inc,24,5,12oz Bottles,Light
Heineken,Heineken Usa Inc,6,5,12oz Bottles,Lager
Heineken,Heineken Usa Inc,12,5,12oz Bottles,Lager
Heineken,Heineken Usa Inc,24,5,12oz Bottles,Lager
Heineken,Heineken Usa Inc,1,5,5L Keg,Lager
Blue Moon,MillerCoors,12,5,12oz Bottles,White/weiss
LOAD DATA LOCAL INFILE '/zBeer/Book1.csv' INTO TABLE list FIELDS TERMINATED BY ',' LINES TERMINATED BY '\r\n' IGNORE 1 ROWS (name, brand, pack_count, ALCP, description, type 